{"lr": 0.002, "_timestamp": 1680815643.8111262, "_runtime": 5.414558172225952, "_step": 0, "_wandb": {"runtime": 6}}