{"lr": 0.003, "_timestamp": 1679540072.5444775, "Train Batch Loss": 2.2910541754502516, "_runtime": 279.87210750579834, "_step": 20, "Train Epoch Loss": 2.227872590223948, "Train acc": 0.2612847222222222, "Test loss": 1.956769585609436, "Test acc": 0.3541666666666667, "Test best acc": 0.421875, "Inference Time": 2.30903959274292, "_wandb": {"runtime": 280}}