{"lr": 0.0003267, "_timestamp": 1679863413.92609, "Train Batch Loss": 0.01133907400071621, "_runtime": 9985.539776086807, "_step": 1161, "Train Epoch Loss": 0.004524596741014698, "Train acc": 0.9986979166666666, "Test loss": 2.6912407875061035, "Test acc": 0.7361111111111112, "Test best acc": 0.7569444444444444, "Inference Time": 2.437058687210083}