{"lr": 0.002, "_timestamp": 1681186468.4022856, "Train Batch Loss": 7.65415620803833, "_runtime": 6.870240688323975, "_step": 0, "_wandb": {"runtime": 7}}