{"lr": 0.0003267, "_timestamp": 1679775003.322158, "Train Batch Loss": 0.007340143874613454, "_runtime": 10646.446956157684, "_step": 1238, "Train Epoch Loss": 0.005265745649745036, "Train acc": 0.9986979166666666, "Test loss": 2.4154374599456787, "Test acc": 0.7256944444444444, "Test best acc": 0.7552083333333334, "Inference Time": 2.44549298286438}