{"lr": 0.0003267, "_timestamp": 1679036680.6378167, "Train Batch Loss": 0.05111202370265827, "_runtime": 14372.569792747498, "_step": 980, "Train Epoch Loss": 0.04895839464794941, "Train acc": 0.9839409722222222, "Test loss": 2.0922768115997314, "Test acc": 0.6961805555555556, "Test best acc": 0.734375, "Inference Time": 10.230127573013306}