{"lr": 0.003, "_timestamp": 1679548944.3779235, "Train Batch Loss": 2.654021978378296, "_runtime": 767.7499434947968, "_step": 90, "Train Epoch Loss": 2.6168461309538946, "Train acc": 0.12065972222222222, "Test loss": 2.5812253952026367, "Test acc": 0.1892361111111111, "Test best acc": 0.4097222222222222, "Inference Time": 1.248084306716919, "_wandb": {"runtime": 769}}