{"lr": 0.0018682493275560506, "_timestamp": 1680501769.7924695, "Train Batch Loss": 1.2826941130208034, "_runtime": 651.8107113838196, "_step": 114, "Train Epoch Loss": 1.2853983094294865, "Train acc": 0.8984375, "Test loss": 1.6683307886123657, "Test acc": 0.7013888888888888, "Test best acc": 0.7256944444444444, "Inference Time": 1.574547290802002, "_wandb": {"runtime": 651}}