{"lr": 0.00010781100000000002, "_timestamp": 1679614976.512224, "Train Batch Loss": 0.02093553692639734, "_runtime": 5928.787261962891, "_step": 1012, "Train Epoch Loss": 0.01997371666624935, "Train acc": 0.9930555555555556, "Test loss": 1.9899821281433105, "Test acc": 0.6996527777777778, "Test best acc": 0.7309027777777778, "Inference Time": 1.1618931293487549, "_wandb": {"runtime": 5929}}