{"lr": 0.00010781100000000002, "_timestamp": 1679061464.8844824, "Train Batch Loss": 0.013075134985648709, "_runtime": 21726.90462231636, "_step": 3385, "Train Epoch Loss": 0.014132122017043811, "Train acc": 0.99609375, "Test loss": 2.5507259368896484, "Test acc": 0.7256944444444444, "Test best acc": 0.7621527777777778, "Inference Time": 4.063895225524902}