{"lr": 0.00099, "_timestamp": 1679587775.299975, "Train Batch Loss": 0.16727479862479064, "_runtime": 2321.743520975113, "_step": 189, "Train Epoch Loss": 0.17706279932624763, "Train acc": 0.9366319444444444, "Test loss": 1.5323927402496338, "Test acc": 0.7152777777777778, "Test best acc": 0.7274305555555556, "Inference Time": 2.289649486541748}