{"lr": 0.004, "_timestamp": 1680758225.349882, "_runtime": 5.343873977661133, "_step": 0, "_wandb": {"runtime": 34}}