{"lr": 0.001, "_timestamp": 1679038625.7868245, "Train Batch Loss": 1.9122309684753418, "_runtime": 367.668648481369, "_step": 24, "Train Epoch Loss": 1.4259959724214342, "Train acc": 0.5056423611111112, "Test loss": 1.3836170434951782, "Test acc": 0.5486111111111112, "Test best acc": 0.5486111111111112, "Inference Time": 10.512447595596313, "_wandb": {"runtime": 373}}