{"lr": 0.0016314190233863, "_timestamp": 1680241539.5479844, "Train Batch Loss": 1.1353343725204468, "_runtime": 1113.1371264457703, "_step": 123, "Train Epoch Loss": 1.1914605100949605, "Train acc": 0.9548611111111112, "Test loss": 1.6274234056472778, "Test acc": 0.7482638888888888, "Test best acc": 0.7534722222222222, "Inference Time": 2.4503982067108154, "_wandb": {"runtime": 1113}}