{"lr": 0.0003267, "_timestamp": 1679428177.161866, "Train Batch Loss": 0.0551468339175559, "_runtime": 3751.66952085495, "_step": 329, "Train Epoch Loss": 0.06364121047469477, "Train acc": 0.9778645833333334, "Test loss": 2.0339488983154297, "Test acc": 0.7118055555555556, "Test best acc": 0.7395833333333334, "Inference Time": 2.2780206203460693}