{"lr": 0.00010781100000000002, "_timestamp": 1679853114.2784207, "Train Batch Loss": 0.011670211315385646, "_runtime": 77936.6718287468, "_step": 9397, "Train Epoch Loss": 0.011433664571947024, "Train acc": 0.9954193811074918, "Test loss": 1.8112396001815796, "Test acc": 0.8064123376623377, "Test best acc": 0.8206168831168831, "Inference Time": 9.745266199111938, "_wandb": {"runtime": 77938}}