{"lr": 0.0003267, "_timestamp": 1678864737.3933594, "Train Batch Loss": 0.24973373115062714, "_runtime": 1392.8724994659424, "_step": 122, "Train Epoch Loss": 0.19580507961412272, "Train acc": 0.9279513888888888, "Test loss": 1.4295713901519775, "Test acc": 0.7152777777777778, "Test best acc": 0.7274305555555556, "Inference Time": 2.2984848022460938}