{"lr": 0.003, "_timestamp": 1679447349.0610118, "_runtime": 3.246025800704956, "_step": 0, "_wandb": {"runtime": 4}}