{"lr": 0.0003267, "_timestamp": 1678857601.5477297, "Train Batch Loss": 0.04829390887887432, "_runtime": 7380.949841737747, "_step": 647, "Train Epoch Loss": 0.043879594822000295, "Train acc": 0.9839409722222222, "Test loss": 2.444643497467041, "Test acc": 0.7118055555555556, "Test best acc": 0.7326388888888888, "Inference Time": 2.2913565635681152}