{"lr": 0.004, "_timestamp": 1680758268.7778842, "_runtime": 5.288316249847412, "_step": 0, "_wandb": {"runtime": 29}}