{"lr": 0.003, "_timestamp": 1679464968.416095, "Train Batch Loss": 0.6626209351806546, "_runtime": 5077.113867998123, "_step": 337, "Train Epoch Loss": 0.6733402733395739, "Train acc": 0.7889227642276423, "Test loss": 0.9395775198936462, "Test acc": 0.724025974025974, "Test best acc": 0.7276785714285714, "Inference Time": 43.327022075653076}