{"lr": 0.002, "_timestamp": 1680815693.0563054, "_runtime": 5.302279472351074, "_step": 0, "_wandb": {"runtime": 6}}