{"lr": 0.003, "_timestamp": 1679897296.7990897, "_runtime": 3.2344906330108643, "_step": 0, "_wandb": {"runtime": 402}}