{"lr": 0.002, "_timestamp": 1679547625.9681394, "Train Batch Loss": 2.5381898880004883, "_runtime": 278.9401183128357, "_step": 18, "Train Epoch Loss": 2.1472119953897266, "Train acc": 0.26171875, "Test loss": 2.2631871700286865, "Test acc": 0.171875, "Test best acc": 0.3402777777777778, "Inference Time": 8.193541526794434, "_wandb": {"runtime": 291}}