{"lr": 0.003, "_timestamp": 1679615005.2395961, "_runtime": 3.5398001670837402, "_step": 0, "_wandb": {"runtime": 35}}