{"lr": 0.003, "_timestamp": 1679343378.53518, "Train Batch Loss": 2.7132840156555176, "_runtime": 6.089071035385132, "_step": 0, "_wandb": {"runtime": 7}}