{"lr": 0.002, "_timestamp": 1680893892.7247016, "Train Batch Loss": 2.7050671577453613, "_runtime": 6.747718572616577, "_step": 0, "_wandb": {"runtime": 7}}