{"lr": 0.003, "_timestamp": 1679897707.787978, "_runtime": 3.2652878761291504, "_step": 0, "_wandb": {"runtime": 109}}