{"lr": 0.004, "_timestamp": 1680578834.0382166, "Train Batch Loss": 2.7051870822906494, "_runtime": 6.717078685760498, "_step": 0, "_wandb": {"runtime": 7}}