{"lr": 0.002, "_timestamp": 1680802476.2002428, "_runtime": 5.406195640563965, "_step": 0, "_wandb": {"runtime": 6}}