{"lr": 0.0003267, "_timestamp": 1679414968.2562099, "Train Batch Loss": 0.012832756243752604, "_runtime": 41296.89707779884, "_step": 2739, "Train Epoch Loss": 0.03382312133472235, "Train acc": 0.9895833333333334, "Test loss": 2.893524169921875, "Test acc": 0.7170138888888888, "Test best acc": 0.7395833333333334, "Inference Time": 10.224077463150024}