{"lr": 0.002, "_timestamp": 1679547894.5674644, "Train Batch Loss": 2.03077056316229, "_runtime": 218.19610929489136, "_step": 23, "Train Epoch Loss": 2.030514250199, "Train acc": 0.2708333333333333, "Test loss": 2.011089324951172, "Test acc": 0.3211805555555556, "Test best acc": 0.3333333333333333, "Inference Time": 1.3504948616027832, "_wandb": {"runtime": 220}}