{"lr": 0.0005516136714300507, "_timestamp": 1680068697.4327385, "Train Batch Loss": 2.5040450011734414, "_runtime": 8632.13059258461, "_step": 999, "Train Epoch Loss": 2.5189665131876113, "Train acc": 0.22575280112044818, "Test loss": 2.4827630519866943, "Test acc": 0.2598314606741573, "Test best acc": 0.6597612359550562, "Inference Time": 11.396811723709106, "_wandb": {"runtime": 8638}}