{"lr": 0.0029981109208299665, "_timestamp": 1679951884.8052065, "Train Batch Loss": 2.583509922027588, "_runtime": 346.367107629776, "_step": 39, "Train Epoch Loss": 2.646642155117459, "Train acc": 0.12413194444444445, "Test loss": 2.6199393272399902, "Test acc": 0.1892361111111111, "Test best acc": 0.3888888888888889, "Inference Time": 2.4335107803344727, "_wandb": {"runtime": 346}}