{"lr": 0.003, "_timestamp": 1679896976.4195523, "_runtime": 3.276313304901123, "_step": 0, "_wandb": {"runtime": 311}}