{"lr": 0.0003267, "_timestamp": 1679447215.4631946, "Train Batch Loss": 0.06967995401212809, "_runtime": 18893.79114151001, "_step": 1399, "Train Epoch Loss": 0.06644982165882206, "Train acc": 0.9745710784313726, "Test loss": 1.3311152458190918, "Test acc": 0.8026315789473685, "Test best acc": 0.8083881578947368, "Inference Time": 9.047096967697144}