{"lr": 0.0003267, "_timestamp": 1678850166.464517, "Train Batch Loss": 0.3137436807155609, "_runtime": 12525.214476108551, "_step": 756, "Train Epoch Loss": 0.0467058440940491, "Train acc": 0.9826388888888888, "Test loss": 2.3359899520874023, "Test acc": 0.6927083333333334, "Test best acc": 0.7274305555555556, "Inference Time": 10.304094552993774}