{"lr": 0.004, "_timestamp": 1680582458.9217772, "_runtime": 5.356747150421143, "_step": 0, "_wandb": {"runtime": 69}}