{"lr": 0.00010781100000000002, "_timestamp": 1679660497.4977088, "Train Batch Loss": 0.0006364319707809343, "_runtime": 45452.2511818409, "_step": 5099, "Train Epoch Loss": 0.0002139806097862302, "Train acc": 1.0, "Test loss": 2.5996079444885254, "Test acc": 0.7604166666666666, "Test best acc": 0.7934027777777778, "Inference Time": 2.4097471237182617, "_wandb": {"runtime": 45453}}