{"lr": 0.003, "_timestamp": 1679898543.8240623, "Train Batch Loss": 1.4422869682312012, "_runtime": 722.5309092998505, "_step": 81, "Train Epoch Loss": 1.3988664481374953, "Train acc": 0.828125, "Test loss": 1.7031391859054565, "Test acc": 0.7065972222222222, "Test best acc": 0.71875, "Inference Time": 2.4154112339019775, "_wandb": {"runtime": 724}}