{"lr": 0.00099, "_timestamp": 1679515643.4815805, "Train Batch Loss": 0.17242190201547314, "_runtime": 44009.66702055931, "_step": 2916, "Train Epoch Loss": 0.1466389491810554, "Train acc": 0.9469512195121951, "Test loss": 1.0970407724380493, "Test acc": 0.7982954545454546, "Test best acc": 0.814935064935065, "Inference Time": 43.2799596786499}