{"lr": 0.00010781100000000002, "_timestamp": 1678986086.1385894, "Train Batch Loss": 0.002823002616556938, "_runtime": 80628.05664944649, "_step": 5356, "Train Epoch Loss": 0.002683931306278975, "Train acc": 0.9986979166666666, "Test loss": 3.2346088886260986, "Test acc": 0.7291666666666666, "Test best acc": 0.7673611111111112, "Inference Time": 10.237494230270386}