{"lr": 0.00010781100000000002, "_timestamp": 1679123155.593568, "Train Batch Loss": 0.011052421294152737, "_runtime": 16634.526932001114, "_step": 1560, "Train Epoch Loss": 0.007095808512531221, "Train acc": 0.9978298611111112, "Test loss": 2.7915167808532715, "Test acc": 0.71875, "Test best acc": 0.75, "Inference Time": 3.5170741081237793, "_wandb": {"runtime": 16637}}