{"lr": 0.00010781100000000002, "_timestamp": 1679896814.050769, "Train Batch Loss": 0.0024559978347033573, "_runtime": 16793.798280000687, "_step": 1952, "Train Epoch Loss": 0.0024574402726295196, "Train acc": 0.9991319444444444, "Test loss": 2.8831210136413574, "Test acc": 0.7326388888888888, "Test best acc": 0.7760416666666666, "Inference Time": 2.430569648742676}