{"lr": 0.003, "_timestamp": 1679775084.984054, "_runtime": 3.31404709815979, "_step": 0, "_wandb": {"runtime": 3}}