{"lr": 0.0003267, "_timestamp": 1679106164.1441743, "Train Batch Loss": 0.034452483918836437, "_runtime": 20095.87592935562, "_step": 1935, "Train Epoch Loss": 0.05275817371539642, "Train acc": 0.9792387543252595, "Test loss": 2.054969310760498, "Test acc": 0.7118055555555556, "Test best acc": 0.7222222222222222, "Inference Time": 14.20671534538269}