{"lr": 0.00010781100000000002, "_timestamp": 1679585440.329605, "Train Batch Loss": 0.014324303716421127, "_runtime": 33893.62447118759, "_step": 2766, "Train Epoch Loss": 0.032301506048598744, "Train acc": 0.9900173611111112, "Test loss": 1.6712288856506348, "Test acc": 0.7152777777777778, "Test best acc": 0.7413194444444444, "Inference Time": 7.0554234981536865}