{"lr": 0.003187696891213244, "_timestamp": 1680052202.5334775, "Train Batch Loss": 1.1302280872146044, "_runtime": 25083.704355478287, "_step": 2893, "Train Epoch Loss": 1.1554192120955438, "Train acc": 0.9536064425770309, "Test loss": 1.8620439767837524, "Test acc": 0.6372893258426966, "Test best acc": 0.6685393258426966, "Inference Time": 11.194251537322998, "_wandb": {"runtime": 25087}}