{"lr": 0.003, "_timestamp": 1679009269.455457, "_runtime": 3.5716519355773926, "_step": 0, "_wandb": {"runtime": 4}}