{"lr": 0.003, "_timestamp": 1678905410.6488392, "_runtime": 3.614652156829834, "_step": 0, "_wandb": {"runtime": 4}}