{"lr": 0.003, "_timestamp": 1679762257.6146383, "_runtime": 3.880089282989502, "_step": 0, "_wandb": {"runtime": 4}}