{"lr": 0.00010781100000000002, "_timestamp": 1679927397.1936905, "Train Batch Loss": 1.0305876686022832, "_runtime": 28804.597455501556, "_step": 3271, "Train Epoch Loss": 1.0316307544708252, "Train acc": 0.9995659722222222, "Test loss": 1.6569299697875977, "Test acc": 0.7569444444444444, "Test best acc": 0.7690972222222222, "Inference Time": 2.4250423908233643}