{"lr": 0.00010781100000000002, "_timestamp": 1679009170.879929, "Train Batch Loss": 0.0008729722306038728, "_runtime": 22943.484322071075, "_step": 3074, "Train Epoch Loss": 0.005193526805991648, "Train acc": 0.9982638888888888, "Test loss": 2.8237078189849854, "Test acc": 0.734375, "Test best acc": 0.7552083333333334, "Inference Time": 4.90627646446228}