{"lr": 0.001072228101357897, "_timestamp": 1680586570.6173856, "Train Batch Loss": 1.1332415038464116, "_runtime": 1329.919080734253, "_step": 149, "Train Epoch Loss": 1.1449371228615444, "Train acc": 0.9743923611111112, "Test loss": 1.662814974784851, "Test acc": 0.7065972222222222, "Test best acc": 0.7395833333333334, "Inference Time": 2.4724862575531006, "_wandb": {"runtime": 1330}}