{"lr": 0.004, "_timestamp": 1680578966.4197624, "Train Batch Loss": 2.6952195167541504, "_runtime": 6.610492467880249, "_step": 0, "_wandb": {"runtime": 7}}