{"lr": 0.003982541401003976, "_timestamp": 1680759357.5563047, "Train Batch Loss": 2.0487990379333496, "_runtime": 86.63130378723145, "_step": 9, "Train Epoch Loss": 2.0711113611857095, "Train acc": 0.44921875, "Test loss": 1.9806021451950073, "Test acc": 0.4965277777777778, "Test best acc": 0.4965277777777778, "Inference Time": 2.651752471923828, "_wandb": {"runtime": 91}}