{"lr": 0.0035851633266415655, "_timestamp": 1680209012.3207116, "Train Batch Loss": 1.885346953685467, "_runtime": 407.9034595489502, "_step": 46, "Train Epoch Loss": 1.9257459523631077, "Train acc": 0.5350140056022409, "Test loss": 1.8447197675704956, "Test acc": 0.5930477528089888, "Test best acc": 0.5930477528089888, "Inference Time": 11.18085241317749, "_wandb": {"runtime": 413}}