{"lr": 0.00014696231421961164, "_timestamp": 1679981432.8919349, "Train Batch Loss": 1.0464320412048926, "_runtime": 13939.475291967392, "_step": 1570, "Train Epoch Loss": 1.046492920981513, "Train acc": 0.9982638888888888, "Test loss": 1.5965807437896729, "Test acc": 0.7569444444444444, "Test best acc": 0.7795138888888888, "Inference Time": 2.4387340545654297, "_wandb": {"runtime": 13944}}