{"lr": 0.00033, "_timestamp": 1679085927.750265, "Train Batch Loss": 0.07939576372668586, "_runtime": 13642.359932899475, "_step": 902, "Train Epoch Loss": 0.12157404142554798, "Train acc": 0.9587673611111112, "Test loss": 1.9116719961166382, "Test acc": 0.6927083333333334, "Test best acc": 0.7309027777777778, "Inference Time": 10.465628385543823}