{"lr": 0.00010781100000000002, "_timestamp": 1679539674.8139682, "Train Batch Loss": 0.0007779716979712248, "_runtime": 16828.41081929207, "_step": 1240, "Train Epoch Loss": 0.006381100514974807, "Train acc": 0.9986979166666666, "Test loss": 2.720520257949829, "Test acc": 0.7361111111111112, "Test best acc": 0.7604166666666666, "Inference Time": 2.3058807849884033, "_wandb": {"runtime": 16832}}