{"lr": 0.004, "_timestamp": 1680578649.7072513, "Train Batch Loss": 2.7516682147979736, "_runtime": 6.657153367996216, "_step": 0, "_wandb": {"runtime": 10}}