{"lr": 0.0003267, "_timestamp": 1679672172.5875711, "Train Batch Loss": 0.04516052472971234, "_runtime": 9477.517619132996, "_step": 1082, "Train Epoch Loss": 0.051292300992321946, "Train acc": 0.9861111111111112, "Test loss": 2.269638776779175, "Test acc": 0.7291666666666666, "Test best acc": 0.7569444444444444, "Inference Time": 2.3518831729888916}