{"lr": 0.005, "_timestamp": 1679546905.0309062, "_runtime": 3.5695552825927734, "_step": 0, "_wandb": {"runtime": 18}}