{"lr": 0.0003267, "_timestamp": 1678768467.9622333, "Train Batch Loss": 0.0529025573210389, "_runtime": 16592.19872522354, "_step": 1010, "Train Epoch Loss": 0.04184081692872294, "Train acc": 0.9869791666666666, "Test loss": 2.571045160293579, "Test acc": 0.6944444444444444, "Test best acc": 0.7274305555555556, "Inference Time": 10.206704139709473}