{"lr": 0.004, "_timestamp": 1680579402.3020267, "Train Batch Loss": 2.7048416137695312, "_runtime": 6.734114646911621, "_step": 0, "_wandb": {"runtime": 8}}