{"lr": 0.003993473158862648, "_timestamp": 1680026792.3938742, "Train Batch Loss": 1.7679149271112629, "_runtime": 1253.5644371509552, "_step": 144, "Train Epoch Loss": 1.6902069153905916, "Train acc": 0.6612394957983193, "Test loss": 1.7940810918807983, "Test acc": 0.617626404494382, "Test best acc": 0.6274578651685393, "Inference Time": 11.21116018295288, "_wandb": {"runtime": 1259}}