{"lr": 7.187400000000001e-05, "_timestamp": 1681238978.8376758, "Train Batch Loss": 1.0591477476633513, "_runtime": 52424.99828982353, "_step": 5998, "Train Epoch Loss": 1.0624363521734874, "Train acc": 0.9978298611111112, "Test loss": 1.630447506904602, "Test acc": 0.7204861111111112, "Test best acc": 0.7569444444444444, "Inference Time": 2.5528647899627686}