{"lr": 0.0003267, "_timestamp": 1678744234.9875288, "Train Epoch Loss": 0.12111014024251038, "Train acc": 0.9596354166666666, "Test loss": 1.9808058738708496, "Test acc": 0.6631944444444444, "Test best acc": 0.7135416666666666, "Inference Time": 2.4250147342681885, "_runtime": 1917.9652988910675, "_step": 0, "_wandb": {"runtime": 1925}}