{"lr": 0.00010781100000000002, "_timestamp": 1679608278.867749, "Train Batch Loss": 0.009007638320326805, "_runtime": 20424.461879968643, "_step": 1668, "Train Epoch Loss": 0.020349362826285262, "Train acc": 0.9943576388888888, "Test loss": 1.7098726034164429, "Test acc": 0.71875, "Test best acc": 0.7552083333333334, "Inference Time": 2.268197536468506}