{"lr": 0.004, "_timestamp": 1680578584.8334932, "_runtime": 5.434353351593018, "_step": 0, "_wandb": {"runtime": 43}}