{"lr": 0.002359883409176299, "_timestamp": 1680759229.3664184, "Train Batch Loss": 2.076155804670774, "_runtime": 881.0003893375397, "_step": 97, "Train Epoch Loss": 2.079944888750712, "Train acc": 0.4344618055555556, "Test loss": 2.0599398612976074, "Test acc": 0.4513888888888889, "Test best acc": 0.4982638888888889, "Inference Time": 2.5963528156280518, "_wandb": {"runtime": 885}}