{"lr": 0.0003267, "_timestamp": 1679424373.943879, "Train Batch Loss": 0.002640876453369856, "_runtime": 9331.998297929764, "_step": 914, "Train Epoch Loss": 0.02430962181986413, "Train acc": 0.9887152777777778, "Test loss": 2.57840895652771, "Test acc": 0.7170138888888888, "Test best acc": 0.7447916666666666, "Inference Time": 2.274503469467163}