{"lr": 0.004, "_timestamp": 1680584764.7688825, "Train Batch Loss": 2.7027831077575684, "_runtime": 6.702995538711548, "_step": 0, "_wandb": {"runtime": 7}}