{"lr": 0.002, "_timestamp": 1679548131.6858962, "Train Batch Loss": 1.9630659818649292, "_runtime": 225.7553641796112, "_step": 24, "Train Epoch Loss": 2.0606324904494815, "Train acc": 0.23914930555555555, "Test loss": 2.0103163719177246, "Test acc": 0.2881944444444444, "Test best acc": 0.3368055555555556, "Inference Time": 1.3534207344055176, "_wandb": {"runtime": 226}}