{"lr": 0.003969002688775205, "_timestamp": 1680585213.5584776, "Train Batch Loss": 4.144523901097915, "_runtime": 131.87446761131287, "_step": 14, "Train Epoch Loss": 2.98488802380032, "Train acc": 0.20442708333333334, "Test loss": 2.871488094329834, "Test acc": 0.19618055555555555, "Test best acc": 0.3472222222222222, "Inference Time": 2.5056917667388916, "_wandb": {"runtime": 133}}