{"lr": 0.0003267, "_timestamp": 1679158854.8300712, "Train Batch Loss": 1.9007788991171217, "_runtime": 35333.755526304245, "_step": 2399, "Train Epoch Loss": 1.8781340254677668, "Train acc": 0.3420138888888889, "Test loss": 1.865248203277588, "Test acc": 0.3402777777777778, "Test best acc": 0.6909722222222222, "Inference Time": 10.24134874343872}