{"lr": 0.004, "_timestamp": 1680757959.3492649, "_runtime": 5.8140809535980225, "_step": 0, "_wandb": {"runtime": 257}}