{"lr": 0.00288074420725165, "_timestamp": 1679967446.0278554, "Train Batch Loss": 1.166220513673929, "_runtime": 14830.536047458649, "_step": 1672, "Train Epoch Loss": 1.172912609246042, "Train acc": 0.9448784722222222, "Test loss": 1.7123174667358398, "Test acc": 0.7204861111111112, "Test best acc": 0.7777777777777778, "Inference Time": 2.416213274002075, "_wandb": {"runtime": 14830}}