{"lr": 0.0009373056281466957, "_timestamp": 1680025417.1006975, "Train Batch Loss": 1.0364966579512054, "_runtime": 43955.909685611725, "_step": 4961, "Train Epoch Loss": 1.0361541145377688, "Train acc": 0.9978298611111112, "Test loss": 1.6292673349380493, "Test acc": 0.7447916666666666, "Test best acc": 0.7725694444444444, "Inference Time": 2.4323387145996094}