{"lr": 3.1416838871369035e-05, "_timestamp": 1680815591.9289339, "Train Batch Loss": 2.017376843620749, "_runtime": 12962.263408899307, "_step": 1730, "Train Epoch Loss": 2.017683025035593, "Train acc": 0.4774305555555556, "Test loss": 2.0191140174865723, "Test acc": 0.5121527777777778, "Test best acc": 0.6354166666666666, "Inference Time": 4.049163818359375}