{"lr": 0.0003267, "_timestamp": 1678826113.8014154, "Train Batch Loss": 0.02324229349339894, "_runtime": 57560.775958538055, "_step": 3509, "Train Epoch Loss": 0.02405267404681884, "Train acc": 0.9895833333333334, "Test loss": 2.497424840927124, "Test acc": 0.7170138888888888, "Test best acc": 0.7482638888888888, "Inference Time": 10.251400709152222}