{"lr": 0.004, "_timestamp": 1680583408.953265, "_runtime": 5.375074863433838, "_step": 0, "_wandb": {"runtime": 1108}}