{"lr": 0.003, "_timestamp": 1679522824.5056286, "Train Batch Loss": 10.312875923357511, "_runtime": 1293.1606616973877, "_step": 105, "Train Epoch Loss": 2.213873086290227, "Train acc": 0.3819444444444444, "Test loss": 6.151904582977295, "Test acc": 0.1701388888888889, "Test best acc": 0.6319444444444444, "Inference Time": 7.025267601013184, "_wandb": {"runtime": 1298}}