{"lr": 0.004, "_timestamp": 1680584710.113122, "_runtime": 5.405180931091309, "_step": 0, "_wandb": {"runtime": 44}}