{"lr": 0.00010781100000000002, "_timestamp": 1679880010.3781888, "Train Batch Loss": 0.005403771183935925, "_runtime": 16561.45952486992, "_step": 1925, "Train Epoch Loss": 0.0033012463129769762, "Train acc": 0.9986979166666666, "Test loss": 2.7441322803497314, "Test acc": 0.7256944444444444, "Test best acc": 0.765625, "Inference Time": 2.418658494949341}