{"lr": 0.001, "_timestamp": 1679039700.4731455, "Train Batch Loss": 0.6761169788929132, "_runtime": 1011.3556435108185, "_step": 157, "Train Epoch Loss": 0.6819945034674473, "Train acc": 0.76171875, "Test loss": 1.2567335367202759, "Test acc": 0.6423611111111112, "Test best acc": 0.6736111111111112, "Inference Time": 4.103822708129883, "_wandb": {"runtime": 1011}}