{"lr": 0.003, "_timestamp": 1679037224.29952, "Train Batch Loss": 2.691971778869629, "_runtime": 5.354567050933838, "_step": 0, "_wandb": {"runtime": 10}}