{"lr": 0.00010781100000000002, "_timestamp": 1679206792.845325, "Train Batch Loss": 0.007854156212769178, "_runtime": 47895.571727991104, "_step": 3230, "Train Epoch Loss": 0.004645852809452499, "Train acc": 0.9995659722222222, "Test loss": 3.150472402572632, "Test acc": 0.7170138888888888, "Test best acc": 0.7361111111111112, "Inference Time": 10.246267795562744}