{"lr": 3.0000000000000004e-05, "_timestamp": 1679938457.267704, "Train Batch Loss": 1.04837965965271, "_runtime": 11026.455780029297, "_step": 1251, "Train Epoch Loss": 1.0381931364536285, "Train acc": 1.0, "Test loss": 1.6074812412261963, "Test acc": 0.75, "Test best acc": 0.7708333333333334, "Inference Time": 2.4770774841308594}