{"lr": 0.0003267, "_timestamp": 1679286715.6340876, "Train Batch Loss": 0.015993611482994503, "_runtime": 21080.12627863884, "_step": 1809, "Train Epoch Loss": 0.016806831732360986, "Train acc": 0.9952256944444444, "Test loss": 2.6914381980895996, "Test acc": 0.7118055555555556, "Test best acc": 0.7378472222222222, "Inference Time": 8.003624200820923}