{"lr": 0.0003267, "_timestamp": 1678905395.5272868, "Train Batch Loss": 0.005531407177841174, "_runtime": 40604.40297269821, "_step": 3567, "Train Epoch Loss": 0.006955944111622456, "Train acc": 0.9973958333333334, "Test loss": 2.9860615730285645, "Test acc": 0.7204861111111112, "Test best acc": 0.7621527777777778, "Inference Time": 2.3031044006347656}