{"lr": 0.0011094640140607067, "_timestamp": 1680802337.3279557, "Train Batch Loss": 2.4119081588891835, "_runtime": 42494.38913869858, "_step": 3313, "Train Epoch Loss": 2.432566669252184, "Train acc": 0.2699652777777778, "Test loss": 2.3842437267303467, "Test acc": 0.3003472222222222, "Test best acc": 0.4791666666666667, "Inference Time": 7.342495679855347}