{"lr": 0.003, "_timestamp": 1679549239.3932443, "Train Batch Loss": 2.632175922393799, "_runtime": 282.873113155365, "_step": 20, "Train Epoch Loss": 2.492901166280111, "Train acc": 0.1488715277777778, "Test loss": 2.6360580921173096, "Test acc": 0.11805555555555555, "Test best acc": 0.3732638888888889, "Inference Time": 2.28828501701355, "_wandb": {"runtime": 288}}