{"lr": 0.003, "_timestamp": 1679775056.7616498, "_runtime": 3.3373398780822754, "_step": 0, "_wandb": {"runtime": 3}}