{"lr": 0.0037757473980821517, "_timestamp": 1680231300.0402906, "Train Batch Loss": 1.5068130068629555, "_runtime": 3902.194123506546, "_step": 449, "Train Epoch Loss": 1.5600995082481235, "Train acc": 0.7458858543417367, "Test loss": 1.7719824314117432, "Test acc": 0.6358848314606742, "Test best acc": 0.6544943820224719, "Inference Time": 11.391515493392944, "_wandb": {"runtime": 3902}}