{"lr": 0.00075, "_timestamp": 1679949810.9827564, "Train Batch Loss": 1.0374529899335374, "_runtime": 10807.258249282837, "_step": 1226, "Train Epoch Loss": 1.038165756397777, "Train acc": 0.9978298611111112, "Test loss": 1.6902964115142822, "Test acc": 0.7048611111111112, "Test best acc": 0.7534722222222222, "Inference Time": 2.471430540084839}