{"lr": 0.003, "_timestamp": 1679085984.9046018, "_runtime": 3.584345817565918, "_step": 0, "_wandb": {"runtime": 74}}