{"lr": 0.0003267, "_timestamp": 1678834518.32543, "Train Batch Loss": 0.09045952897017392, "_runtime": 8202.179764032364, "_step": 499, "Train Epoch Loss": 0.10533595793013875, "Train acc": 0.9639756944444444, "Test loss": 1.7663847208023071, "Test acc": 0.7170138888888888, "Test best acc": 0.7413194444444444, "Inference Time": 10.239311456680298}