{"lr": 0.005, "_timestamp": 1679547322.5231254, "Train Batch Loss": 2.1263802780045404, "_runtime": 359.25342440605164, "_step": 24, "Train Epoch Loss": 2.119718152615759, "Train acc": 0.23307291666666666, "Test loss": 2.1534273624420166, "Test acc": 0.2569444444444444, "Test best acc": 0.2708333333333333, "Inference Time": 8.133060216903687, "_wandb": {"runtime": 359}}