{"lr": 0.0029951137602388773, "_timestamp": 1680499988.9940264, "Train Batch Loss": 2.2513166757730336, "_runtime": 185.9135193824768, "_step": 73, "Train Epoch Loss": 2.2442516022258334, "Train acc": 0.3263888888888889, "Test loss": 2.200350284576416, "Test acc": 0.3454861111111111, "Test best acc": 0.3680555555555556, "Inference Time": 0.8024346828460693, "_wandb": {"runtime": 186}}