{"lr": 0.0003267, "_timestamp": 1678751220.5110202, "Train Epoch Loss": 0.03755940622391386, "Train acc": 0.9861111111111112, "Test loss": 2.6515281200408936, "Test acc": 0.7048611111111112, "Test best acc": 0.734375, "Inference Time": 2.2864017486572266, "_runtime": 6898.099127292633, "_step": 0, "_wandb": {"runtime": 6902}}