{"lr": 0.00199667147345231, "_timestamp": 1680759638.7075524, "Train Batch Loss": 2.3160513857054332, "_runtime": 145.30624341964722, "_step": 11, "Train Epoch Loss": 2.526559265123473, "Train acc": 0.2638888888888889, "Test loss": 2.3245129585266113, "Test acc": 0.3385416666666667, "Test best acc": 0.3385416666666667, "Inference Time": 7.688000440597534, "_wandb": {"runtime": 151}}