{"lr": 0.00010781100000000002, "_timestamp": 1679679066.6674144, "Train Batch Loss": 0.048618456115946174, "_runtime": 6867.948217391968, "_step": 787, "Train Epoch Loss": 0.052442620130831424, "Train acc": 0.9839409722222222, "Test loss": 2.078880548477173, "Test acc": 0.6961805555555556, "Test best acc": 0.7309027777777778, "Inference Time": 2.357971429824829}