{"lr": 0.004, "_timestamp": 1680582538.7040913, "_runtime": 5.36639928817749, "_step": 0, "_wandb": {"runtime": 862}}