{"lr": 0.0003267, "_timestamp": 1679372749.092685, "Train Batch Loss": 0.009783963505959456, "_runtime": 28841.687522888184, "_step": 2467, "Train Epoch Loss": 0.012036353187936142, "Train acc": 0.9969618055555556, "Test loss": 3.0719752311706543, "Test acc": 0.7274305555555556, "Test best acc": 0.7447916666666666, "Inference Time": 8.498827934265137, "_wandb": {"runtime": 28842}}