{"lr": 0.002, "_timestamp": 1680759805.7219489, "Train Batch Loss": 2.75825834274292, "_runtime": 7.518119812011719, "_step": 0, "_wandb": {"runtime": 7}}