{"lr": 0.003, "_timestamp": 1679022157.9431229, "Train Batch Loss": 1.044553673038116, "_runtime": 12814.189748764038, "_step": 841, "Train Epoch Loss": 1.0831170008875508, "Train acc": 0.6254325259515571, "Test loss": 1.325602412223816, "Test acc": 0.5520833333333334, "Test best acc": 0.6909722222222222, "Inference Time": 20.95046830177307}