{"lr": 0.0009372094804706866, "_timestamp": 1680885757.3351119, "Train Batch Loss": 1.0326117964891286, "_runtime": 70025.94416880608, "_step": 7885, "Train Epoch Loss": 1.0347536106904347, "Train acc": 0.9978298611111112, "Test loss": 1.6679883003234863, "Test acc": 0.7326388888888888, "Test best acc": 0.7864583333333334, "Inference Time": 2.4875755310058594}