{"lr": 0.003, "_timestamp": 1679762446.5269754, "Train Batch Loss": 23.759882560143105, "_runtime": 166.83761548995972, "_step": 13, "Train Epoch Loss": 5.893846634361479, "Train acc": 0.18880208333333334, "Test loss": 19.20445442199707, "Test acc": 0.11979166666666667, "Test best acc": 0.3923611111111111, "Inference Time": 3.66986083984375}