{"lr": 0.00010781100000000002, "_timestamp": 1679256729.6507, "Train Batch Loss": 0.006373479962348938, "_runtime": 49687.54448604584, "_step": 4260, "Train Epoch Loss": 0.00781019114997387, "Train acc": 0.9982638888888888, "Test loss": 3.0455307960510254, "Test acc": 0.7152777777777778, "Test best acc": 0.7517361111111112, "Inference Time": 8.046274900436401}