{"lr": 0.0003267, "_timestamp": 1679710300.188877, "Train Batch Loss": 0.004899916237263824, "_runtime": 16425.384796142578, "_step": 1282, "Train Epoch Loss": 0.0037198863881700264, "Train acc": 0.9982638888888888, "Test loss": 2.703406810760498, "Test acc": 0.7309027777777778, "Test best acc": 0.7621527777777778, "Inference Time": 3.5430896282196045}