{"lr": 0.00099, "_timestamp": 1679551279.2075348, "Train Batch Loss": 0.2147545086649748, "_runtime": 1540.5443918704987, "_step": 126, "Train Epoch Loss": 0.2236911935938729, "Train acc": 0.9244791666666666, "Test loss": 1.26665461063385, "Test acc": 0.7170138888888888, "Test best acc": 0.734375, "Inference Time": 2.3156511783599854, "_wandb": {"runtime": 1540}}