{"lr": 0.003, "_timestamp": 1679123511.859502, "Train Batch Loss": 1.7920974217928374, "_runtime": 76.86955618858337, "_step": 7, "Train Epoch Loss": 1.8785457892550363, "Train acc": 0.3511284722222222, "Test loss": 1.7216333150863647, "Test acc": 0.4236111111111111, "Test best acc": 0.4236111111111111, "Inference Time": 3.458343029022217}