{"lr": 0.00010781100000000002, "_timestamp": 1679762111.7968647, "Train Batch Loss": 0.0011843189384696212, "_runtime": 51632.49257564545, "_step": 4124, "Train Epoch Loss": 0.0006512360600827716, "Train acc": 0.9995659722222222, "Test loss": 3.052339553833008, "Test acc": 0.7708333333333334, "Test best acc": 0.7725694444444444, "Inference Time": 3.5455267429351807}