{"lr": 0.00010781100000000002, "_timestamp": 1679693603.345858, "Train Batch Loss": 0.07627488672733307, "_runtime": 14488.30823302269, "_step": 1659, "Train Epoch Loss": 0.01952989920654444, "Train acc": 0.9943576388888888, "Test loss": 2.275092124938965, "Test acc": 0.7361111111111112, "Test best acc": 0.7690972222222222, "Inference Time": 2.3859310150146484}