{"lr": 0.003, "_timestamp": 1679551517.7652338, "Train Batch Loss": 1.6783466339111328, "_runtime": 151.61665081977844, "_step": 12, "Train Epoch Loss": 1.8166285016470485, "Train acc": 0.3589409722222222, "Test loss": 1.6905300617218018, "Test acc": 0.4079861111111111, "Test best acc": 0.4079861111111111, "Inference Time": 7.109490156173706, "_wandb": {"runtime": 154}}