{"lr": 0.002, "_timestamp": 1680802531.6635332, "Train Batch Loss": 2.7425765991210938, "_runtime": 6.801014184951782, "_step": 0, "_wandb": {"runtime": 7}}