{"lr": 0.003, "_timestamp": 1679123416.618831, "Train Batch Loss": 1.1599611708751092, "_runtime": 238.72818183898926, "_step": 22, "Train Epoch Loss": 1.3017019306619961, "Train acc": 0.5542534722222222, "Test loss": 1.3204697370529175, "Test acc": 0.5659722222222222, "Test best acc": 0.5659722222222222, "Inference Time": 3.4796671867370605}