{"lr": 0.00387710885030444, "_timestamp": 1680587097.2618454, "Train Batch Loss": 499.39611906163833, "_runtime": 241.70840740203857, "_step": 26, "Train Epoch Loss": 1544.864397260878, "Train acc": 0.0798611111111111, "Test loss": 760.7659912109375, "Test acc": 0.08680555555555555, "Test best acc": 0.3871527777777778, "Inference Time": 2.4688968658447266, "_wandb": {"runtime": 242}}