{"lr": 0.003, "_timestamp": 1679038212.3681529, "Train Batch Loss": 7.416226451213543, "_runtime": 654.3875689506531, "_step": 43, "Train Epoch Loss": 3.0585331933365927, "Train acc": 0.2092013888888889, "Test loss": 4.023126125335693, "Test acc": 0.1371527777777778, "Test best acc": 0.4722222222222222, "Inference Time": 10.515635251998901}