{"lr": 0.003, "_timestamp": 1679585415.343132, "_runtime": 5.49593710899353, "_step": 0, "_wandb": {"runtime": 7}}