{"lr": 0.002, "_timestamp": 1680802511.6972623, "Train Batch Loss": 2.7484774589538574, "_runtime": 6.7848122119903564, "_step": 0, "_wandb": {"runtime": 7}}