{"lr": 0.003, "_timestamp": 1679548144.886391, "_runtime": 3.424793004989624, "_step": 0, "_wandb": {"runtime": 25}}