{"lr": 0.002, "_timestamp": 1680802582.508794, "Train Batch Loss": 2.7042860984802246, "_runtime": 6.848550081253052, "_step": 0, "_wandb": {"runtime": 7}}