{"lr": 0.00099, "_timestamp": 1679764344.1870666, "Train Batch Loss": 0.18110400237716162, "_runtime": 1863.9384195804596, "_step": 472, "Train Epoch Loss": 0.21892115039130053, "Train acc": 0.9197048611111112, "Test loss": 1.472165584564209, "Test acc": 0.7013888888888888, "Test best acc": 0.7239583333333334, "Inference Time": 1.1734111309051514}