{"lr": 0.003, "_timestamp": 1679516255.132214, "Train Batch Loss": 1.75155400762371, "_runtime": 170.05364203453064, "_step": 14, "Train Epoch Loss": 1.9082572725084093, "Train acc": 0.3524305555555556, "Test loss": 1.7502505779266357, "Test acc": 0.4288194444444444, "Test best acc": 0.4288194444444444, "Inference Time": 7.047787189483643, "_wandb": {"runtime": 177}}