{"lr": 0.0003267, "_timestamp": 1678863223.3555832, "Train Batch Loss": 0.07743689969468576, "_runtime": 5596.4027853012085, "_step": 491, "Train Epoch Loss": 0.07390916973559393, "Train acc": 0.9748263888888888, "Test loss": 1.923774003982544, "Test acc": 0.7013888888888888, "Test best acc": 0.7309027777777778, "Inference Time": 2.277369737625122}